,itemid,label,fluid,category
0,52038,Base Excess,Fluid,Blood Gas
1,52039,Calculated Bicarbonate,Fluid,Blood Gas
2,52040,pCO2,Fluid,Blood Gas
3,52041,pH,Fluid,Blood Gas
4,52042,pO2,Fluid,Blood Gas
5,50801,Alveolar-arterial Gradient,Blood,Blood Gas
6,50802,Base Excess,Blood,Blood Gas
7,50803,"Calculated Bicarbonate, Whole Blood",Blood,Blood Gas
8,50804,Calculated Total CO2,Blood,Blood Gas
9,50805,Carboxyhemoglobin,Blood,Blood Gas
10,50806,"Chloride, Whole Blood",Blood,Blood Gas
11,50808,Free Calcium,Blood,Blood Gas
12,50809,Glucose,Blood,Blood Gas
13,50810,"Hematocrit, Calculated",Blood,Blood Gas
14,50811,Hemoglobin,Blood,Blood Gas
15,50812,Intubated,Blood,Blood Gas
16,50813,Lactate,Blood,Blood Gas
17,50814,Methemoglobin,Blood,Blood Gas
18,50815,O2 Flow,Blood,Blood Gas
19,50816,Oxygen,Blood,Blood Gas
20,50817,Oxygen Saturation,Blood,Blood Gas
21,50818,pCO2,Blood,Blood Gas
22,50819,PEEP,Blood,Blood Gas
23,50820,pH,Blood,Blood Gas
24,50821,pO2,Blood,Blood Gas
25,50822,"Potassium, Whole Blood",Blood,Blood Gas
26,50823,Required O2,Blood,Blood Gas
27,50824,"Sodium, Whole Blood",Blood,Blood Gas
28,50825,Temperature,Blood,Blood Gas
29,50826,Tidal Volume,Blood,Blood Gas
30,50827,Ventilation Rate,Blood,Blood Gas
31,50828,Ventilator,Blood,Blood Gas
32,52021,Abz,Blood,Blood Gas
33,52022,"Albumin, Blood",Blood,Blood Gas
34,52023,Assist/Control,Blood,Blood Gas
35,52024,"Creatinine, Whole Blood",Blood,Blood Gas
36,52025,Delete,Blood,Blood Gas
37,52026,Estimated GFR (MDRD equation),Blood,Blood Gas
38,52027,"Glucose, Whole Blood",Blood,Blood Gas
39,52028,Hematocrit,Blood,Blood Gas
40,52029,% Ionized Calcium,Blood,Blood Gas
41,52030,Lithium,Blood,Blood Gas
42,52031,Osmolality,Blood,Blood Gas
43,52032,P50 of Hemoglobin,Blood,Blood Gas
44,52033,Specimen Type,Blood,Blood Gas
45,52034,Total Calcium,Blood,Blood Gas
46,52035,Total Calcium,Blood,Blood Gas
47,52036,Voided Specimen,Blood,Blood Gas
48,52037,WB tCO2,Blood,Blood Gas
49,52434,"Chloride, Whole Blood",Blood,Blood Gas
50,52442,Lactate,Blood,Blood Gas
51,52452,"Potassium, Whole Blood",Blood,Blood Gas
52,52455,"Sodium, Whole Blood",Blood,Blood Gas
53,52044,"Osmolality, Urine",Urine,Blood Gas
54,52045,"pH, Urine",Urine,Blood Gas
55,52046,"Potassium, Urine",Urine,Blood Gas
56,52047,"Sodium, Urine",Urine,Blood Gas
57,50829,Fluid Type,Other Body Fluid,Blood Gas
58,50830,"pCO2, Body Fluid",Other Body Fluid,Blood Gas
59,50831,pH,Other Body Fluid,Blood Gas
60,50832,"pO2, Body Fluid",Other Body Fluid,Blood Gas
61,50833,Potassium,Other Body Fluid,Blood Gas
62,50834,"Sodium, Body Fluid",Other Body Fluid,Blood Gas
63,52043,Voided Specimen,Other Body Fluid,Blood Gas
64,50852,% Hemoglobin A1c,Blood,Chemistry
65,50853,25-OH Vitamin D,Blood,Chemistry
66,50854,Absolute A1c,Blood,Chemistry
67,50855,Absolute Hemoglobin,Blood,Chemistry
68,50856,Acetaminophen,Blood,Chemistry
69,50857,Acetone,Blood,Chemistry
70,50858,Acid Phosphatase,Blood,Chemistry
71,50859,"Acid Phosphatase, Non-Prostatic",Blood,Chemistry
72,50860,"AFP, Maternal Screen",Blood,Chemistry
73,50861,Alanine Aminotransferase (ALT),Blood,Chemistry
74,50862,Albumin,Blood,Chemistry
75,50863,Alkaline Phosphatase,Blood,Chemistry
76,50864,Alpha-Fetoprotein,Blood,Chemistry
77,50865,Amikacin,Blood,Chemistry
78,50866,Ammonia,Blood,Chemistry
79,50867,Amylase,Blood,Chemistry
80,50868,Anion Gap,Blood,Chemistry
81,50869,Anti-DGP (IgA/IgG),Blood,Chemistry
82,50870,"Anti-Gliadin Antibody, IgA",Blood,Chemistry
83,50871,Anti-Mitochondrial Antibody,Blood,Chemistry
84,50872,Anti-Neutrophil Cytoplasmic Antibody,Blood,Chemistry
85,50873,Anti-Nuclear Antibody,Blood,Chemistry
86,50874,"Anti-Nuclear Antibody, Titer",Blood,Chemistry
87,50875,Anti-Parietal Cell Antibody,Blood,Chemistry
88,50876,Anti-Smooth Muscle Antibody,Blood,Chemistry
89,50877,Anti-Thyroglobulin Antibodies,Blood,Chemistry
90,50878,Asparate Aminotransferase (AST),Blood,Chemistry
91,50879,Barbiturate Screen,Blood,Chemistry
92,50880,Benzodiazepine Screen,Blood,Chemistry
93,50881,Beta-2 Microglobulin,Blood,Chemistry
94,50882,Bicarbonate,Blood,Chemistry
95,50883,"Bilirubin, Direct",Blood,Chemistry
96,50884,"Bilirubin, Indirect",Blood,Chemistry
97,50885,"Bilirubin, Total",Blood,Chemistry
98,50886,Blood Culture Hold,Blood,Chemistry
99,50887,Blue Top Hold,Blood,Chemistry
100,50888,Blue Top Hold Frozen,Blood,Chemistry
101,50889,C-Reactive Protein,Blood,Chemistry
102,50890,C3,Blood,Chemistry
103,50891,C4,Blood,Chemistry
104,50892,CA-125,Blood,Chemistry
105,50893,"Calcium, Total",Blood,Chemistry
106,50894,Calculated Free Testosterone,Blood,Chemistry
107,50895,Calculated TBG,Blood,Chemistry
108,50896,Calculated Thyroxine (T4) Index,Blood,Chemistry
109,50897,Call,Blood,Chemistry
110,50898,Cancer Antigen 27.29,Blood,Chemistry
111,50899,Carbamazepine,Blood,Chemistry
112,50900,Carcinoembyronic Antigen (CEA),Blood,Chemistry
113,50901,Centromere,Blood,Chemistry
114,50902,Chloride,Blood,Chemistry
115,50903,Cholesterol Ratio (Total/HDL),Blood,Chemistry
116,50904,"Cholesterol, HDL",Blood,Chemistry
117,50905,"Cholesterol, LDL, Calculated",Blood,Chemistry
118,50906,"Cholesterol, LDL, Measured",Blood,Chemistry
119,50907,"Cholesterol, Total",Blood,Chemistry
120,50908,CK-MB Index,Blood,Chemistry
121,50909,Cortisol,Blood,Chemistry
122,50910,Creatine Kinase (CK),Blood,Chemistry
123,50911,"Creatine Kinase, MB Isoenzyme",Blood,Chemistry
124,50912,Creatinine,Blood,Chemistry
125,50913,Cryoglobulin,Blood,Chemistry
126,50914,Cyclosporin,Blood,Chemistry
127,50915,D-Dimer,Blood,Chemistry
128,50916,DHEA-Sulfate,Blood,Chemistry
129,50917,Digoxin,Blood,Chemistry
130,50918,Double Stranded DNA,Blood,Chemistry
131,50919,EDTA Hold,Blood,Chemistry
132,50920,Estimated GFR (MDRD equation),Blood,Chemistry
133,50921,Estradiol,Blood,Chemistry
134,50922,Ethanol,Blood,Chemistry
135,50923,Fax,Blood,Chemistry
136,50924,Ferritin,Blood,Chemistry
137,50925,Folate,Blood,Chemistry
138,50926,Follicle Stimulating Hormone,Blood,Chemistry
139,50927,Gamma Glutamyltransferase,Blood,Chemistry
140,50928,Gastrin,Blood,Chemistry
141,50929,Gentamicin,Blood,Chemistry
142,50930,Globulin,Blood,Chemistry
143,50931,Glucose,Blood,Chemistry
144,50932,Gray Top Hold (plasma),Blood,Chemistry
145,50933,Green Top Hold (plasma),Blood,Chemistry
146,50934,H,Blood,Chemistry
147,50935,Haptoglobin,Blood,Chemistry
148,50936,"HCG, Maternal Screen",Blood,Chemistry
149,50937,Hepatitis A Virus Antibody,Blood,Chemistry
150,50938,Hepatitis A Virus IgM Antibody,Blood,Chemistry
151,50939,"Hepatitis B Core Antibody, IgM",Blood,Chemistry
152,50940,Hepatitis B Surface Antibody,Blood,Chemistry
153,50941,Hepatitis B Surface Antigen,Blood,Chemistry
154,50942,Hepatitis B Virus Core Antibody,Blood,Chemistry
155,50943,Hepatitis C Virus Antibody,Blood,Chemistry
156,50945,Homocysteine,Blood,Chemistry
157,50946,Human Chorionic Gonadotropin,Blood,Chemistry
158,50947,I,Blood,Chemistry
159,50948,Immunofixation,Blood,Chemistry
160,50949,Immunoglobulin A,Blood,Chemistry
161,50950,Immunoglobulin G,Blood,Chemistry
162,50951,Immunoglobulin M,Blood,Chemistry
163,50952,Iron,Blood,Chemistry
164,50953,"Iron Binding Capacity, Total",Blood,Chemistry
165,50954,Lactate Dehydrogenase (LD),Blood,Chemistry
166,50955,Light Green Top Hold,Blood,Chemistry
167,50956,Lipase,Blood,Chemistry
168,50957,Lithium,Blood,Chemistry
169,50958,Luteinizing Hormone,Blood,Chemistry
170,50959,Macro Prolactin,Blood,Chemistry
171,50960,Magnesium,Blood,Chemistry
172,50961,Methotrexate,Blood,Chemistry
173,50962,N-Acetylprocainamide (NAPA),Blood,Chemistry
174,50963,NTproBNP,Blood,Chemistry
175,50964,"Osmolality, Measured",Blood,Chemistry
176,50965,Parathyroid Hormone,Blood,Chemistry
177,50966,Phenobarbital,Blood,Chemistry
178,50967,Phenytoin,Blood,Chemistry
179,50968,"Phenytoin, Free",Blood,Chemistry
180,50969,"Phenytoin, Percent Free",Blood,Chemistry
181,50970,Phosphate,Blood,Chemistry
182,50971,Potassium,Blood,Chemistry
183,50972,Procainamide,Blood,Chemistry
184,50973,Prolactin,Blood,Chemistry
185,50974,Prostate Specific Antigen,Blood,Chemistry
186,50975,Protein Electrophoresis,Blood,Chemistry
187,50976,"Protein, Total",Blood,Chemistry
188,50977,Quinidine,Blood,Chemistry
189,50978,Rapamycin,Blood,Chemistry
190,50979,Red Top Hold,Blood,Chemistry
191,50980,Rheumatoid Factor,Blood,Chemistry
192,50981,Salicylate,Blood,Chemistry
193,50982,Sex Hormone Binding Globulin,Blood,Chemistry
194,50983,Sodium,Blood,Chemistry
195,50984,Stat,Blood,Chemistry
196,50985,Study Tubes,Blood,Chemistry
197,50986,tacroFK,Blood,Chemistry
198,50988,Testosterone,Blood,Chemistry
199,50989,"Testosterone, Free",Blood,Chemistry
200,50990,Theophylline,Blood,Chemistry
201,50991,Thyroglobulin,Blood,Chemistry
202,50992,Thyroid Peroxidase Antibodies,Blood,Chemistry
203,50993,Thyroid Stimulating Hormone,Blood,Chemistry
204,50994,Thyroxine (T4),Blood,Chemistry
205,50995,"Thyroxine (T4), Free",Blood,Chemistry
206,50996,"Tissue Transglutaminase Ab, IgA",Blood,Chemistry
207,50997,Tobramycin,Blood,Chemistry
208,50998,Transferrin,Blood,Chemistry
209,50999,Tricyclic Antidepressant Screen,Blood,Chemistry
210,51000,Triglycerides,Blood,Chemistry
211,51001,Triiodothyronine (T3),Blood,Chemistry
212,51002,Troponin I,Blood,Chemistry
213,51003,Troponin T,Blood,Chemistry
214,51004,"UE3, Maternal Screen",Blood,Chemistry
215,51005,Uptake Ratio,Blood,Chemistry
216,51006,Urea Nitrogen,Blood,Chemistry
217,51007,Uric Acid,Blood,Chemistry
218,51008,Valproic Acid,Blood,Chemistry
219,51009,Vancomycin,Blood,Chemistry
220,51010,Vitamin B12,Blood,Chemistry
221,51556,Anti-Microsomal Antibodies,Blood,Chemistry
222,51557,Anti-Microsomal Antibody,Blood,Chemistry
223,51558,Antirnp,Blood,Chemistry
224,51559,Anti-ro,Blood,Chemistry
225,51560,Anti-SARS-CoV-2 IgA,Blood,Chemistry
226,51562,Anti-Skin Antibody,Blood,Chemistry
227,51563,Anti-sm,Blood,Chemistry
228,51564,ARCH-1,Blood,Chemistry
229,51565,Argon,Blood,Chemistry
230,51566,Beta,Blood,Chemistry
231,51567,Beta Hydroxybutyrate,Blood,Chemistry
232,51568,"Bilirubin, Neonatal",Blood,Chemistry
233,51569,"Bilirubin, Neonatal, Direct",Blood,Chemistry
234,51570,"Bilirubin, Neonatal, Indirect",Blood,Chemistry
235,51571,Billed,Blood,Chemistry
236,51572,Bioavailable Testosterone,Blood,Chemistry
237,51573,Bromide,Blood,Chemistry
238,51574,C1 Inhibitor,Blood,Chemistry
239,51575,C1q,Blood,Chemistry
240,51576,C2,Blood,Chemistry
241,51577,C5,Blood,Chemistry
242,51578,C6,Blood,Chemistry
243,51579,CA 19-9,Blood,Chemistry
244,51580,Calculated CK-MB,Blood,Chemistry
245,51581,Carotene,Blood,Chemistry
246,51582,CH50,Blood,Chemistry
247,51583,Chol Estr,Blood,Chemistry
248,51584,Chylomicrons,Blood,Chemistry
249,51585,Clostrid,Blood,Chemistry
250,51586,CMV IgG Ab,Blood,Chemistry
251,51587,CMV IgG Ab Value,Blood,Chemistry
252,51588,CMV IgM Ab,Blood,Chemistry
253,51589,CMV IgM Ab Value,Blood,Chemistry
254,51590,CMV Interpretation,Blood,Chemistry
255,51591,Confirmation,Blood,Chemistry
256,51592,Conj Bili,Blood,Chemistry
257,51593,Copper,Blood,Chemistry
258,51594,"Creatine Kinase, Isoenzyme BB",Blood,Chemistry
259,51595,"Creatine Kinase, Isoenzyme MB",Blood,Chemistry
260,51596,"Creatine Kinase, Isoenzyme MM",Blood,Chemistry
261,51597,Cvhlc,Blood,Chemistry
262,51598,Cytomegalovirus Viral Load,Blood,Chemistry
263,51599,D,Blood,Chemistry
264,51600,Delete,Blood,Chemistry
265,51601,Delete,Blood,Chemistry
266,51602,Delete,Blood,Chemistry
267,51603,Delete,Blood,Chemistry
268,51604,Delete,Blood,Chemistry
269,51605,Delta/Dlt,Blood,Chemistry
270,51606,Digitoxin,Blood,Chemistry
271,51607,"Dimeric Inhibin A, Maternal Screen",Blood,Chemistry
272,51608,DirLst,Blood,Chemistry
273,51609,Disopyramide,Blood,Chemistry
274,51610,Dlta Bili,Blood,Chemistry
275,51611,Down Syndrome Risk,Blood,Chemistry
276,51612,Dr. X,Blood,Chemistry
277,51613,eAG,Blood,Chemistry
278,51614,Epstein-Barr Virus  EBNA IgG Ab,Blood,Chemistry
279,51615,Epstein-Barr Virus EBNA IgG Ab,Blood,Chemistry
280,51616,Epstein-Barr Virus IgG Ab Value,Blood,Chemistry
281,51617,Epstein-Barr Virus IgM Ab Value,Blood,Chemistry
282,51618,Epstein-Barr Virus Interpretation,Blood,Chemistry
283,51619,Epstein-Barr Virus VCA IgG Ab,Blood,Chemistry
284,51620,Epstein-Barr Virus VCA IgM Ab,Blood,Chemistry
285,51621,Ethylene Glycol,Blood,Chemistry
286,51623,Fibrinogen,Blood,Chemistry
287,51624,Free Calcium,Blood,Chemistry
288,51625,Free Kappa,Blood,Chemistry
289,51626,Free Kappa/Free Lambda Ratio,Blood,Chemistry
290,51627,Free Lambda,Blood,Chemistry
291,51628,Fructosamine,Blood,Chemistry
292,51629,Fructosamine Plus,Blood,Chemistry
293,51630,Gamma,Blood,Chemistry
294,51631,Glycated Hemoglobin,Blood,Chemistry
295,51632,Growth Hormone,Blood,Chemistry
296,51633,Hbeag,Blood,Chemistry
297,51634,Hbsag,Blood,Chemistry
298,51635,Hbsag,Blood,Chemistry
299,51636,"HCG, Multiples of Median",Blood,Chemistry
300,51637,"HCG, Qualitative",Blood,Chemistry
301,51638,Hematocrit,Blood,Chemistry
302,51639,Hematocrit,Blood,Chemistry
303,51640,Hemoglobin,Blood,Chemistry
304,51641,Hemoglobin  A,Blood,Chemistry
305,51642,Hemoglobin  A1,Blood,Chemistry
306,51643,Hemoglobin  A2,Blood,Chemistry
307,51644,Hemoglobin  C,Blood,Chemistry
308,51645,"Hemoglobin, Calculated",Blood,Chemistry
309,51646,Hemoglobin  F,Blood,Chemistry
310,51647,Hemoglobin  S,Blood,Chemistry
311,51648,Hepatitis B Viral Load,Blood,Chemistry
312,51649,Hepatitis B Virus E Antibody,Blood,Chemistry
313,51650,Hepatitis B Virus E Antigen,Blood,Chemistry
314,51651,Hepatitis C Viral Load,Blood,Chemistry
315,51652,High-Sensitivity CRP,Blood,Chemistry
316,51653,HIV 1 Ab Confirmation,Blood,Chemistry
317,51654,HIV 1 Viral Load,Blood,Chemistry
318,51655,HIV 2 Ab Confirmation,Blood,Chemistry
319,51656,Hlap,Blood,Chemistry
320,51657,HPE1,Blood,Chemistry
321,51658,HPE2,Blood,Chemistry
322,51659,HPE3,Blood,Chemistry
323,51660,HPE4,Blood,Chemistry
324,51661,HPE5,Blood,Chemistry
325,51662,HPE6,Blood,Chemistry
326,51663,HPE7,Blood,Chemistry
327,51664,HPE8,Blood,Chemistry
328,51665,HPE9,Blood,Chemistry
329,51666,H. pylori IgG Ab,Blood,Chemistry
330,51667,H. pylori IgG Ab Value,Blood,Chemistry
331,51668,Hsap,Blood,Chemistry
332,51669,Htlv Ab,Blood,Chemistry
333,51670,Icd9,Blood,Chemistry
334,51671,IFEgel,Blood,Chemistry
335,51672,Immune Complexes,Blood,Chemistry
336,51673,Immunoelectrophoresis,Blood,Chemistry
337,51674,Immunoglobulin E,Blood,Chemistry
338,51675,INR(PT),Blood,Chemistry
339,51676,Insulin,Blood,Chemistry
340,51677,K (GREEN),Blood,Chemistry
341,51678,L,Blood,Chemistry
342,51679,Lap,Blood,Chemistry
343,51680,"LD, Isoenzyme 1",Blood,Chemistry
344,51681,"LD, Isoenzyme 2",Blood,Chemistry
345,51682,"LD, Isoenzyme 3",Blood,Chemistry
346,51683,"LD, Isoenzyme 4",Blood,Chemistry
347,51684,"LD, Isoenzyme 5",Blood,Chemistry
348,51685,Lidocaine,Blood,Chemistry
349,51686,Lip2,Blood,Chemistry
350,51687,Lipo Electrophoresis,Blood,Chemistry
351,51688,Lyme C6 Ab,Blood,Chemistry
352,51689,Lyme G and M Value,Blood,Chemistry
353,51690,Lymphocytes,Blood,Chemistry
354,51691,MCV,Blood,Chemistry
355,51692,"Monospot, Rapid Antigen",Blood,Chemistry
356,51693,Mumps IgG Ab,Blood,Chemistry
357,51694,Mumps IgG Ab Value,Blood,Chemistry
358,51695,Myoglobin,Blood,Chemistry
359,51696,Neural Tube Defect Risk,Blood,Chemistry
360,51698,No MD,Blood,Chemistry
361,51699,Not Done,Blood,Chemistry
362,51700,Np-fx,Blood,Chemistry
363,51701,"Osmolality, Calculated",Blood,Chemistry
364,51702,Park,Blood,Chemistry
365,51703,PEPgel,Blood,Chemistry
366,51704,Platelet Count,Blood,Chemistry
367,51705,Primidone,Blood,Chemistry
368,51706,Problem Specimen,Blood,Chemistry
369,51707,Progesterone,Blood,Chemistry
370,51708,Qnthbsab,Blood,Chemistry
371,51709,Quantitative RPR Test,Blood,Chemistry
372,51710,Rapid Plasma Reagin Test,Blood,Chemistry
373,51712,Referred,Blood,Chemistry
374,51713,Reflex Confirmatory Hepatitis C Viral Load,Blood,Chemistry
375,51714,Reflex HIV Confirmation,Blood,Chemistry
376,51715,Renin,Blood,Chemistry
377,51717,Reserved,Blood,Chemistry
378,51718,Reserved1,Blood,Chemistry
379,51719,Reserved3,Blood,Chemistry
380,51720,Reserved4,Blood,Chemistry
381,51721,Reverse T3,Blood,Chemistry
382,51722,RFXLDLM,Blood,Chemistry
383,51723,Rubella,Blood,Chemistry
384,51724,Rubella IgG Ab,Blood,Chemistry
385,51725,Rubeola IgG Ab,Blood,Chemistry
386,51726,Rubeola IgG Ab Value,Blood,Chemistry
387,51727,Send Out,Blood,Chemistry
388,51728,Serum B12,Blood,Chemistry
389,51729,Serum B12,Blood,Chemistry
390,51730,Serum Folate,Blood,Chemistry
391,51731,Single Stranded DNA,Blood,Chemistry
392,51732,STX1,Blood,Chemistry
393,51733,STX2,Blood,Chemistry
394,51734,STX3,Blood,Chemistry
395,51735,STX4,Blood,Chemistry
396,51736,STX5,Blood,Chemistry
397,51737,STX6,Blood,Chemistry
398,51738,Thyroid Binding Globulin,Blood,Chemistry
399,51739,Total CO2,Blood,Chemistry
400,51740,Toxic Screen,Blood,Chemistry
401,51741,Toxoplasma IgG Ab,Blood,Chemistry
402,51742,Toxoplasma IgG Ab Value,Blood,Chemistry
403,51743,Toxoplasma IgM Ab,Blood,Chemistry
404,51744,Toxoplasma IgM Ab Value,Blood,Chemistry
405,51745,Toxoplasma Interpretation,Blood,Chemistry
406,51746,Transferrin Saturation,Blood,Chemistry
407,51747,Treponemal Antibody Test,Blood,Chemistry
408,51748,Treponema pallidum (Syphilis) Ab,Blood,Chemistry
409,51749,Treponema pallidum (syphilis) value,Blood,Chemistry
410,51750,"UE3, Multiples of Median",Blood,Chemistry
411,51751,Uncon Bil,Blood,Chemistry
412,51752,Voided Specimen,Blood,Chemistry
413,51753,VZV IgG Ab,Blood,Chemistry
414,51754,VZV IgG Ab Value,Blood,Chemistry
415,51755,White Blood Cells,Blood,Chemistry
416,51756,White Blood Cells,Blood,Chemistry
417,51757,Xxx,Blood,Chemistry
418,51758,Xylose,Blood,Chemistry
419,51759,Z,Blood,Chemistry
420,51760,Z,Blood,Chemistry
421,51761,Zinc,Blood,Chemistry
422,51762,EE1,Blood,Chemistry
423,51763,EE2,Blood,Chemistry
424,51764,EE7,Blood,Chemistry
425,51765,EE3,Blood,Chemistry
426,51767,EE5,Blood,Chemistry
427,51768,EE6,Blood,Chemistry
428,51769,RUBIgGV,Blood,Chemistry
429,51770,MDRDgfr,Blood,Chemistry
430,51771,,Blood,Chemistry
431,51772,PAN3,Blood,Chemistry
432,51773,RFXFRKL,Blood,Chemistry
433,51774,RFXHCV,Blood,Chemistry
434,52500,Anion Gap,Blood,Chemistry
435,52535,Chloride,Blood,Chemistry
436,52546,Creatinine,Blood,Chemistry
437,52548,Cryoglobulin,Blood,Chemistry
438,52551,D-Dimer,Blood,Chemistry
439,52562,Folate,Blood,Chemistry
440,52569,Glucose,Blood,Chemistry
441,52610,Potassium,Blood,Chemistry
442,52623,Sodium,Blood,Chemistry
443,52642,Troponin I,Blood,Chemistry
444,52647,Urea Nitrogen,Blood,Chemistry
445,53084,Alanine Aminotransferase,Blood,Chemistry
446,53085,Albumin,Blood,Chemistry
447,53086,Alkaline Phosphatase,Blood,Chemistry
448,53087,Amylase,Blood,Chemistry
449,53088,Asparate Aminotransferase,Blood,Chemistry
450,53089,"Bilirubin, Total",Blood,Chemistry
451,53093,Gamma Glutamyltranferase,Blood,Chemistry
452,53094,HBV VL CT,Blood,Chemistry
453,53095,Lyme VsIE/PepC10 Antibody,Blood,Chemistry
454,53096,"Protein, Total",Blood,Chemistry
455,53128,11-Deoxycorticosterone,Blood,Chemistry
456,53129,3t,Blood,Chemistry
457,53130,4t,Blood,Chemistry
458,53131,5' Nucleotidase,Blood,Chemistry
459,53132,Absolute Lymphocyte Count,Blood,Chemistry
460,53133,Absolute Neutrophil,Blood,Chemistry
461,53134,Absolute Other WBC,Blood,Chemistry
462,53135,"Acid Phosphatase, Prostatic Fraction",Blood,Chemistry
463,53136,Adrenocorticotrophic Hormone,Blood,Chemistry
464,53137,Afp Mom,Blood,Chemistry
465,53138,(Albumin),Blood,Chemistry
466,53139,Aldosterone,Blood,Chemistry
467,53140,Aldosterone,Blood,Chemistry
468,53141,Alpha-1,Blood,Chemistry
469,53142,Alpha-1-antitrypsin,Blood,Chemistry
470,53143,Alpha-2,Blood,Chemistry
471,53144,ANCA Titer,Blood,Chemistry
472,53145,Anti-GBM Antibody,Blood,Chemistry
473,53146,Anti Hav,Blood,Chemistry
474,53147,Anti Hbc,Blood,Chemistry
475,53148,Anti Hbe,Blood,Chemistry
476,53149,Anti-hbs,Blood,Chemistry
477,53150,Anti Hbs,Blood,Chemistry
478,53151,Anti-la,Blood,Chemistry
479,53152,HIV FINAL,Blood,Chemistry
480,53153,HIV Screen,Blood,Chemistry
481,53154,Lactate,Blood,Chemistry
482,51061,"Bicarbonate, Stool",Stool,Chemistry
483,51062,"Chloride, Stool",Stool,Chemistry
484,51063,"Osmolality, Stool",Stool,Chemistry
485,51064,"Potassium, Stool",Stool,Chemistry
486,51065,"Sodium, Stool",Stool,Chemistry
487,51925,72 Hr Fat,Stool,Chemistry
488,51926,(Albumin),Stool,Chemistry
489,51927,"Albumin, Stool",Stool,Chemistry
490,51928,Alpha-1,Stool,Chemistry
491,51929,Alpha-2,Stool,Chemistry
492,51930,"Amylase, Stool",Stool,Chemistry
493,51931,Beta,Stool,Chemistry
494,51932,"Bilirubin, Total, Stool",Stool,Chemistry
495,51933,C. diff PCR,Stool,Chemistry
496,51934,C Diff Toxin Antigen Assay,Stool,Chemistry
497,51935,"Cholesterol, Stool",Stool,Chemistry
498,51936,Clostrid,Stool,Chemistry
499,51937,"Creatinine, Stool",Stool,Chemistry
500,51938,Cryptococ,Stool,Chemistry
501,51939,Fl Scan,Stool,Chemistry
502,51940,Gamma,Stool,Chemistry
503,51941,"Glucose, Stool",Stool,Chemistry
504,51942,"IgG, Stool",Stool,Chemistry
505,51943,"Immunoelectrophoresis, Stool",Stool,Chemistry
506,51944,"Lactate Dehydrogenase, Stool",Stool,Chemistry
507,51945,Norovirus Genogroup I,Stool,Chemistry
508,51946,Norovirus Genogroup II,Stool,Chemistry
509,51947,O & P,Stool,Chemistry
510,51948,Sudan Stain,Stool,Chemistry
511,51949,"Total Protein, Stool",Stool,Chemistry
512,51950,"Triglycerides, Stool",Stool,Chemistry
513,51951,"Urea Nitrogen, Stool",Stool,Chemistry
514,51952,"Uric Acid, Stool",Stool,Chemistry
515,51953,Voided Specimen,Stool,Chemistry
516,51954,CDT027,Stool,Chemistry
517,51955,,Stool,Chemistry
518,51956,CDT027,Stool,Chemistry
519,51066,24 hr Calcium,Urine,Chemistry
520,51067,24 hr Creatinine,Urine,Chemistry
521,51068,24 hr Protein,Urine,Chemistry
522,51069,"Albumin, Urine",Urine,Chemistry
523,51070,"Albumin/Creatinine, Urine",Urine,Chemistry
524,51071,"Amphetamine Screen, Urine",Urine,Chemistry
525,51072,"Amylase, Urine",Urine,Chemistry
526,51073,"Amylase/Creatinine Ratio, Urine",Urine,Chemistry
527,51074,"Barbiturate Screen, Urine",Urine,Chemistry
528,51075,"Benzodiazepine Screen, Urine",Urine,Chemistry
529,51076,"Bicarbonate, Urine",Urine,Chemistry
530,51077,"Calcium, Urine",Urine,Chemistry
531,51078,"Chloride, Urine",Urine,Chemistry
532,51079,"Cocaine, Urine",Urine,Chemistry
533,51080,Creatinine Clearance,Urine,Chemistry
534,51081,"Creatinine, Serum",Urine,Chemistry
535,51082,"Creatinine, Urine",Urine,Chemistry
536,51083,"Ethanol, Urine",Urine,Chemistry
537,51084,"Glucose, Urine",Urine,Chemistry
538,51085,"HCG, Urine, Qualitative",Urine,Chemistry
539,51086,"Immunofixation, Urine",Urine,Chemistry
540,51087,Length of Urine Collection,Urine,Chemistry
541,51088,"Magnesium, Urine",Urine,Chemistry
542,51089,Marijuana,Urine,Chemistry
543,51090,"Methadone, Urine",Urine,Chemistry
544,51091,"Myoglobin, Urine",Urine,Chemistry
545,51092,"Opiate Screen, Urine",Urine,Chemistry
546,51093,"Osmolality, Urine",Urine,Chemistry
547,51094,pH,Urine,Chemistry
548,51095,"Phosphate, Urine",Urine,Chemistry
549,51096,Porphobilinogen Screen,Urine,Chemistry
550,51097,"Potassium, Urine",Urine,Chemistry
551,51098,"Prot. Electrophoresis, Urine",Urine,Chemistry
552,51099,Protein/Creatinine Ratio,Urine,Chemistry
553,51100,"Sodium, Urine",Urine,Chemistry
554,51101,Total Collection Time,Urine,Chemistry
555,51102,"Total Protein, Urine",Urine,Chemistry
556,51103,Uhold,Urine,Chemistry
557,51104,"Urea Nitrogen, Urine",Urine,Chemistry
558,51105,"Uric Acid, Urine",Urine,Chemistry
559,51106,Urine Creatinine,Urine,Chemistry
560,51107,"Urine tube, held",Urine,Chemistry
561,51108,Urine Volume,Urine,Chemistry
562,51109,"Urine Volume, Total",Urine,Chemistry
563,51957,17-Hydroxycorticosteroids,Urine,Chemistry
564,51958,"17-Ketosteroids, Urine",Urine,Chemistry
565,51959,"5-HIAA, Urine",Urine,Chemistry
566,51960,Aldolase,Urine,Chemistry
567,51961,Alpha-1,Urine,Chemistry
568,51962,Alpha-2,Urine,Chemistry
569,51963,Amylase/Creatinine Clearance,Urine,Chemistry
570,51964,"Amylase, Serum",Urine,Chemistry
571,51965,Beta,Urine,Chemistry
572,51966,Bilirubin,Urine,Chemistry
573,51967,Blood,Urine,Chemistry
574,51968,Camp,Urine,Chemistry
575,51969,"Catecholamines, Urine",Urine,Chemistry
576,51970,Cben,Urine,Chemistry
577,51971,Ccoc,Urine,Chemistry
578,51972,Chlamydia trachomatis,Urine,Chemistry
579,51973,Copi,Urine,Chemistry
580,51974,"Copper, Urine",Urine,Chemistry
581,51975,Coproporphyrins,Urine,Chemistry
582,51976,"Cortisol, Urine",Urine,Chemistry
583,51977,"Creatinine, Blood",Urine,Chemistry
584,51978,DirList,Urine,Chemistry
585,51979,"Estriol, Urine",Urine,Chemistry
586,51980,Fentanyl,Urine,Chemistry
587,51981,Glucose,Urine,Chemistry
588,51982,"Immunoelectrophoresis, Urine",Urine,Chemistry
589,51983,"Iron, Urine",Urine,Chemistry
590,51984,Ketone,Urine,Chemistry
591,51985,Leukocytes,Urine,Chemistry
592,51986,Neisseria gonorrhoeae,Urine,Chemistry
593,51987,Nitrite,Urine,Chemistry
594,51988,O & P,Urine,Chemistry
595,51989,Oxycodone,Urine,Chemistry
596,51990,"Phenothiazine Screen, Urine",Urine,Chemistry
597,51991,"Propoxyphene, Urine",Urine,Chemistry
598,51992,Protein,Urine,Chemistry
599,51993,Referred,Urine,Chemistry
600,51994,Specific Gravity,Urine,Chemistry
601,51995,Study Urine,Urine,Chemistry
602,51996,Trichomonas vaginalis,Urine,Chemistry
603,51997,UIFEgel,Urine,Chemistry
604,51998,UPEPgel,Urine,Chemistry
605,51999,Urine Amylase,Urine,Chemistry
606,52000,Urine  Creatinine,Urine,Chemistry
607,52001,"Urine PEP, Gamma region",Urine,Chemistry
608,52002,Urobilinogen,Urine,Chemistry
609,52003,Uroporphyrins,Urine,Chemistry
610,52004,UTX1,Urine,Chemistry
611,52005,UTX2,Urine,Chemistry
612,52006,UTX3,Urine,Chemistry
613,52007,UTX4,Urine,Chemistry
614,52008,UTX5,Urine,Chemistry
615,52009,UTX6,Urine,Chemistry
616,52010,UTX7,Urine,Chemistry
617,52011,UTX8,Urine,Chemistry
618,52012,UTX9,Urine,Chemistry
619,52013,Vanillylmandelic Acid,Urine,Chemistry
620,52014,Voided Specimen,Urine,Chemistry
621,52015,Xylose,Urine,Chemistry
622,52016,Z,Urine,Chemistry
623,52017,"Zinc, Urine",Urine,Chemistry
624,52018,PAN1,Urine,Chemistry
625,52019,PAN2,Urine,Chemistry
626,52020,UTX10,Urine,Chemistry
627,52703,"Albumin, Urine",Urine,Chemistry
628,52720,"HCG, Urine, Qualitative",Urine,Chemistry
629,52730,pH,Urine,Chemistry
630,50835,"Albumin, Ascites",Ascites,Chemistry
631,50836,"Amylase, Ascites",Ascites,Chemistry
632,50837,"Bicarbonate, Ascites",Ascites,Chemistry
633,50838,"Bilirubin, Total, Ascites",Ascites,Chemistry
634,50839,"Chloride, Ascites",Ascites,Chemistry
635,50840,"Cholesterol, Ascites",Ascites,Chemistry
636,50841,"Creatinine, Ascites",Ascites,Chemistry
637,50842,"Glucose, Ascites",Ascites,Chemistry
638,50843,"Lactate Dehydrogenase, Ascites",Ascites,Chemistry
639,50844,"Lipase, Ascites",Ascites,Chemistry
640,50845,"Miscellaneous, Ascites",Ascites,Chemistry
641,50846,"Osmolality, Ascites",Ascites,Chemistry
642,50847,"Potassium, Ascites",Ascites,Chemistry
643,50848,"Sodium, Ascites",Ascites,Chemistry
644,50849,"Total Protein, Ascites",Ascites,Chemistry
645,50850,"Triglycerides, Ascites",Ascites,Chemistry
646,50851,"Urea Nitrogen, Ascites",Ascites,Chemistry
647,53116,(Albumin),Ascites,Chemistry
648,53117,Alpha-1,Ascites,Chemistry
649,53118,Alpha-2,Ascites,Chemistry
650,53119,Beta,Ascites,Chemistry
651,53120,Clostrid,Ascites,Chemistry
652,53121,Cryptococ,Ascites,Chemistry
653,53122,Fl Scan,Ascites,Chemistry
654,53123,"Immunoelectrophoresis, Ascites",Ascites,Chemistry
655,53124,"Immunoglobulin G, Ascites",Ascites,Chemistry
656,53125,"PEP, Ascites, Gamma Region",Ascites,Chemistry
657,53126,"Uric Acid, Ascites",Ascites,Chemistry
658,53127,Voided Specimen,Ascites,Chemistry
659,51046,"Albumin, Pleural",Pleural,Chemistry
660,51047,"Amylase, Pleural",Pleural,Chemistry
661,51048,"Bicarbonate, Pleural",Pleural,Chemistry
662,51049,"Bilirubin, Total, Pleural",Pleural,Chemistry
663,51050,"Chloride, Pleural",Pleural,Chemistry
664,51051,"Cholesterol, Pleural",Pleural,Chemistry
665,51052,"Creatinine, Pleural",Pleural,Chemistry
666,51053,"Glucose, Pleural",Pleural,Chemistry
667,51054,"Lactate Dehydrogenase, Pleural",Pleural,Chemistry
668,51055,"Lipase, Pleural",Pleural,Chemistry
669,51056,"Miscellaneous, Pleural",Pleural,Chemistry
670,51057,"Potassium, Pleural",Pleural,Chemistry
671,51058,"Sodium, Pleural",Pleural,Chemistry
672,51059,"Total Protein, Pleural",Pleural,Chemistry
673,51060,"Triglycerides, Pleural",Pleural,Chemistry
674,51910,(Albumin),Pleural,Chemistry
675,51911,Alpha-1,Pleural,Chemistry
676,51912,Alpha-2,Pleural,Chemistry
677,51913,Beta,Pleural,Chemistry
678,51914,Clostrid,Pleural,Chemistry
679,51915,Cryptococ,Pleural,Chemistry
680,51916,Fl Scan,Pleural,Chemistry
681,51917,"Immunoelectrophoresis, Pleural",Pleural,Chemistry
682,51918,"Immunoglobulin G, Pleural",Pleural,Chemistry
683,51919,"Osmolality, Pleural",Pleural,Chemistry
684,51920,"PEP, Pleural, Gamma Region",Pleural,Chemistry
685,51921,"proBNP, Pleural",Pleural,Chemistry
686,51922,"Urea Nitrogen, Pleural",Pleural,Chemistry
687,51923,"Uric Acid, Pleural",Pleural,Chemistry
688,51924,Voided Specimen,Pleural,Chemistry
689,51828,Voided Specimen,Bone Marrow,Chemistry
690,51019,"Albumin, Joint Fluid",Joint Fluid,Chemistry
691,51020,"Amylase, Joint Fluid",Joint Fluid,Chemistry
692,51021,"Creatinine, Joint Fluid",Joint Fluid,Chemistry
693,51022,"Glucose, Joint Fluid",Joint Fluid,Chemistry
694,51023,"LD, Joint Fluid",Joint Fluid,Chemistry
695,51024,"Total Protein, Joint Fluid",Joint Fluid,Chemistry
696,51807,(Albumin),Joint Fluid,Chemistry
697,51808,Alpha-1,Joint Fluid,Chemistry
698,51809,Alpha-2,Joint Fluid,Chemistry
699,51810,Beta,Joint Fluid,Chemistry
700,51811,"Bicarbonate,Joint Fluid",Joint Fluid,Chemistry
701,51812,"Bilirubin, Total, Joint Fluid",Joint Fluid,Chemistry
702,51813,"Chloride, Joint Fluid",Joint Fluid,Chemistry
703,51814,"Cholesterol, Joint Fluid",Joint Fluid,Chemistry
704,51815,Clostrid,Joint Fluid,Chemistry
705,51816,Cryptococ,Joint Fluid,Chemistry
706,51817,Fl Scan,Joint Fluid,Chemistry
707,51818,"IgG, Joint Fluid",Joint Fluid,Chemistry
708,51819,"Immunoelectrophoresis, Joint Fluid",Joint Fluid,Chemistry
709,51820,"Osmolality, Joint Fluid",Joint Fluid,Chemistry
710,51821,"PEP, Joint Fluid, Gamma Region",Joint Fluid,Chemistry
711,51822,"Potassium, Joint Fluid",Joint Fluid,Chemistry
712,51823,"Sodium, Joint Fluid",Joint Fluid,Chemistry
713,51824,"Triglycerides, Joint Fluid",Joint Fluid,Chemistry
714,51825,"Urea Nitrogen, Joint Fluid",Joint Fluid,Chemistry
715,51826,"Uric Acid, Joint Fluid",Joint Fluid,Chemistry
716,51827,Voided Specimen,Joint Fluid,Chemistry
717,51025,"Albumin, Body Fluid",Other Body Fluid,Chemistry
718,51026,"Amylase, Body Fluid",Other Body Fluid,Chemistry
719,51027,"Bicarbonate, Other Fluid",Other Body Fluid,Chemistry
720,51028,"Bilirubin, Total, Body Fluid",Other Body Fluid,Chemistry
721,51029,"Calcium, Body Fluid",Other Body Fluid,Chemistry
722,51030,"Chloride, Body Fluid",Other Body Fluid,Chemistry
723,51031,"Cholesterol, Body Fluid",Other Body Fluid,Chemistry
724,51032,"Creatinine, Body Fluid",Other Body Fluid,Chemistry
725,51033,FetalFN,Other Body Fluid,Chemistry
726,51034,"Glucose, Body Fluid",Other Body Fluid,Chemistry
727,51035,"LD, Body Fluid",Other Body Fluid,Chemistry
728,51036,"Lipase, Body Fluid",Other Body Fluid,Chemistry
729,51037,"Magnesium, Body Fluid",Other Body Fluid,Chemistry
730,51038,"Miscellaneous, Body Fluid",Other Body Fluid,Chemistry
731,51039,"Osmolality, Body Fluid",Other Body Fluid,Chemistry
732,51040,"Phosphate, Body Fluid",Other Body Fluid,Chemistry
733,51041,"Potassium, Body Fluid",Other Body Fluid,Chemistry
734,51042,"Sodium, Body Fluid",Other Body Fluid,Chemistry
735,51043,"Total Protein, Body Fluid",Other Body Fluid,Chemistry
736,51044,Triglycer,Other Body Fluid,Chemistry
737,51045,"Urea Nitrogen, Body Fluid",Other Body Fluid,Chemistry
738,51829,72 Hr Fat,Other Body Fluid,Chemistry
739,51830,Acid BAO,Other Body Fluid,Chemistry
740,51831,Acid MAO,Other Body Fluid,Chemistry
741,51833,"AFP, Amniotic Fluid",Other Body Fluid,Chemistry
742,51834,"AFP, Body Fluid",Other Body Fluid,Chemistry
743,51835,(Albumi,Other Body Fluid,Chemistry
744,51836,<Albumin>,Other Body Fluid,Chemistry
745,51837,Alpha-1,Other Body Fluid,Chemistry
746,51838,Alpha-2,Other Body Fluid,Chemistry
747,51839,Anat Path Hold,Other Body Fluid,Chemistry
748,51840,Beta,Other Body Fluid,Chemistry
749,51841,"Blood, Occult",Other Body Fluid,Chemistry
750,51842,Bun,Other Body Fluid,Chemistry
751,51843,C. diff PCR,Other Body Fluid,Chemistry
752,51844,C diff Toxin Antigen Assay,Other Body Fluid,Chemistry
753,51846,Chlamydia trachomatis,Other Body Fluid,Chemistry
754,51847,Clostrid,Other Body Fluid,Chemistry
755,51854,Cryptococ,Other Body Fluid,Chemistry
756,51855,"DSPC, Amniotic Fluid",Other Body Fluid,Chemistry
757,51856,Epr,Other Body Fluid,Chemistry
758,51857,Fl Scan,Other Body Fluid,Chemistry
759,51858,HIV 1 Viral Load,Other Body Fluid,Chemistry
760,51861,"Immunoelectrophoresis, Fluid",Other Body Fluid,Chemistry
761,51862,"Immunoglobulin G, Body Fluid",Other Body Fluid,Chemistry
762,51864,Influenza A by PCR,Other Body Fluid,Chemistry
763,51865,Influenza A by PCR,Other Body Fluid,Chemistry
764,51869,"Influenza A, Rapid Antigen",Other Body Fluid,Chemistry
765,51870,"Influenza A, Rapid Antigen",Other Body Fluid,Chemistry
766,51872,Influenza B by PCR,Other Body Fluid,Chemistry
767,51873,Influenza B by PCR,Other Body Fluid,Chemistry
768,51874,"Influenza B, Rapid Antigen",Other Body Fluid,Chemistry
769,51875,"Influenza B, Rapid Antigen",Other Body Fluid,Chemistry
770,51876,"L/S Ratio, Amniotic Fluid",Other Body Fluid,Chemistry
771,51877,MRSA PCR,Other Body Fluid,Chemistry
772,51879,Neisseria gonorrhoeae,Other Body Fluid,Chemistry
773,51880,Norovirus Genogroup I,Other Body Fluid,Chemistry
774,51881,Norovirus Genogroup II,Other Body Fluid,Chemistry
775,51882,O & P,Other Body Fluid,Chemistry
776,51887,"PEP, Body Fluid",Other Body Fluid,Chemistry
777,51888,"PEP, Body Fluid, Gamma Region",Other Body Fluid,Chemistry
778,51889,Phosphatidylglycerol,Other Body Fluid,Chemistry
779,51893,Staph aureus PCR,Other Body Fluid,Chemistry
780,51894,"Strep A, Rapid Antigen",Other Body Fluid,Chemistry
781,51895,"Strep A, Rapid Antigen",Other Body Fluid,Chemistry
782,51896,Sudan Stain,Other Body Fluid,Chemistry
783,51897,Surfactant/Albumin,Other Body Fluid,Chemistry
784,51898,Surf/Alb,Other Body Fluid,Chemistry
785,51899,Trichomonas vaginalis,Other Body Fluid,Chemistry
786,51900,"Uric Acid, Body Fluid",Other Body Fluid,Chemistry
787,51901,Voided Specimen,Other Body Fluid,Chemistry
788,51902,Vpf,Other Body Fluid,Chemistry
789,51903,PAN1,Other Body Fluid,Chemistry
790,51904,PAN2,Other Body Fluid,Chemistry
791,51905, ,Other Body Fluid,Chemistry
792,51906,reuse,Other Body Fluid,Chemistry
793,51907,reuse1,Other Body Fluid,Chemistry
794,53097,COV10,Other Body Fluid,Chemistry
795,53098,COV11,Other Body Fluid,Chemistry
796,53099,COV12,Other Body Fluid,Chemistry
797,53100,COV13,Other Body Fluid,Chemistry
798,53105,E GENE CT,Other Body Fluid,Chemistry
799,53106,E GENE ENDPT,Other Body Fluid,Chemistry
800,53107,FLUA1,Other Body Fluid,Chemistry
801,53108,FLUA2,Other Body Fluid,Chemistry
802,53109,FLUB1,Other Body Fluid,Chemistry
803,53110,FLUB2,Other Body Fluid,Chemistry
804,53111,N2 GENE CT,Other Body Fluid,Chemistry
805,53112,N2 GENE ENDPT,Other Body Fluid,Chemistry
806,53113,Rapid Respiratory Syncytial Virus,Other Body Fluid,Chemistry
807,53114,RSV1,Other Body Fluid,Chemistry
808,53115,RSV2,Other Body Fluid,Chemistry
809,51775,(Albumin),Cerebrospinal Fluid,Chemistry
810,51776,<Albumin>,Cerebrospinal Fluid,Chemistry
811,51777,"Albumin, CSF",Cerebrospinal Fluid,Chemistry
812,51778,Alpha-1,Cerebrospinal Fluid,Chemistry
813,51779,Alpha-2,Cerebrospinal Fluid,Chemistry
814,51780,"Amylase, CSF",Cerebrospinal Fluid,Chemistry
815,51781,Beta,Cerebrospinal Fluid,Chemistry
816,51782,"Bicarbonate, CSF",Cerebrospinal Fluid,Chemistry
817,51783,"Bilirubin, Total, CSF",Cerebrospinal Fluid,Chemistry
818,51784,"Chloride, CSF",Cerebrospinal Fluid,Chemistry
819,51785,"Cholesterol, CSF",Cerebrospinal Fluid,Chemistry
820,51786,Clostrid,Cerebrospinal Fluid,Chemistry
821,51787,"Creatinine, CSF",Cerebrospinal Fluid,Chemistry
822,51788,Cryptococ,Cerebrospinal Fluid,Chemistry
823,51789,Fl Scan,Cerebrospinal Fluid,Chemistry
824,51790,"Glucose, CSF",Cerebrospinal Fluid,Chemistry
825,51791,HIV 1 Viral Load,Cerebrospinal Fluid,Chemistry
826,51792,"Immunoelectrophoresis, CSF",Cerebrospinal Fluid,Chemistry
827,51793,"Immunoglobulin G, CSF",Cerebrospinal Fluid,Chemistry
828,51794,"Immunoglobulin G, CSF",Cerebrospinal Fluid,Chemistry
829,51795,"Lactate Dehydrogenase, CSF",Cerebrospinal Fluid,Chemistry
830,51796,"Miscellaneous, CSF",Cerebrospinal Fluid,Chemistry
831,51797,"Osmolality, CSF",Cerebrospinal Fluid,Chemistry
832,51798,"PEP, CSF",Cerebrospinal Fluid,Chemistry
833,51799,"PEP, CSF, Gamma Region",Cerebrospinal Fluid,Chemistry
834,51800,"Potassium, CSF",Cerebrospinal Fluid,Chemistry
835,51801,"Sodium, CSF",Cerebrospinal Fluid,Chemistry
836,51802,"Total Protein, CSF",Cerebrospinal Fluid,Chemistry
837,51803,"Triglycerides, CSF",Cerebrospinal Fluid,Chemistry
838,51804,"Urea Nitrogen, CSF",Cerebrospinal Fluid,Chemistry
839,51805,"Uric Acid, CSF",Cerebrospinal Fluid,Chemistry
840,51806,Voided Specimen,Cerebrospinal Fluid,Chemistry
841,52290,Dna,I,Hematology
842,52394,FL1-D,Q,Hematology
843,52395,FL1-%FL2,Q,Hematology
844,52396,FL1-S,Q,Hematology
845,52397,FL2-D,Q,Hematology
846,52398,FL2-%FL1,Q,Hematology
847,52399,FL2-S,Q,Hematology
848,52400,FSC-S,Q,Hematology
849,52401,SSC-D,Q,Hematology
850,52402,SSC-S,Q,Hematology
851,51130,Absolute CD3 Count,Blood,Hematology
852,51131,Absolute CD4 Count,Blood,Hematology
853,51132,Absolute CD8 Count,Blood,Hematology
854,51133,Absolute Lymphocyte Count,Blood,Hematology
855,51134,Acanthocytes,Blood,Hematology
856,51135,ADP,Blood,Hematology
857,51136,Alpha Antiplasmin,Blood,Hematology
858,51137,Anisocytosis,Blood,Hematology
859,51138,Anticardiolipin Antibody IgG,Blood,Hematology
860,51139,Anticardiolipin Antibody IgM,Blood,Hematology
861,51140,Antithrombin,Blood,Hematology
862,51141,APT Test,Blood,Hematology
863,51142,Arachadonic Acid,Blood,Hematology
864,51143,Atypical Lymphocytes,Blood,Hematology
865,51144,Bands,Blood,Hematology
866,51145,Basophilic Stippling,Blood,Hematology
867,51146,Basophils,Blood,Hematology
868,51147,Bite Cells,Blood,Hematology
869,51148,Blasts,Blood,Hematology
870,51149,Bleeding Time,Blood,Hematology
871,51150,Blood Parasite Smear,Blood,Hematology
872,51152,CD10,Blood,Hematology
873,51153,CD103,Blood,Hematology
874,51154,CD117,Blood,Hematology
875,51155,CD11c,Blood,Hematology
876,51156,CD13,Blood,Hematology
877,51157,CD138,Blood,Hematology
878,51158,CD14,Blood,Hematology
879,51159,CD15,Blood,Hematology
880,51161,CD16,Blood,Hematology
881,51162,CD16/56 Absolute Count,Blood,Hematology
882,51163,CD16/56%,Blood,Hematology
883,51164,CD19,Blood,Hematology
884,51165,CD19 %,Blood,Hematology
885,51166,CD19 Absolute Count,Blood,Hematology
886,51167,CD2,Blood,Hematology
887,51168,CD20,Blood,Hematology
888,51169,CD20 %,Blood,Hematology
889,51170,CD20 Absolute Count,Blood,Hematology
890,51171,CD22,Blood,Hematology
891,51172,CD23,Blood,Hematology
892,51173,CD25,Blood,Hematology
893,51174,CD3 %,Blood,Hematology
894,51175,CD3 Absolute Count,Blood,Hematology
895,51176,"CD3 Cells, Percent",Blood,Hematology
896,51177,CD33,Blood,Hematology
897,51178,CD34,Blood,Hematology
898,51179,CD38,Blood,Hematology
899,51180,"CD4 Cells, Percent",Blood,Hematology
900,51181,CD4/CD8 Ratio,Blood,Hematology
901,51182,CD41,Blood,Hematology
902,51183,CD45,Blood,Hematology
903,51184,CD5,Blood,Hematology
904,51185,CD5 %,Blood,Hematology
905,51186,CD5 Absolute Count,Blood,Hematology
906,51187,CD55,Blood,Hematology
907,51188,CD56,Blood,Hematology
908,51189,CD57,Blood,Hematology
909,51190,CD59,Blood,Hematology
910,51191,CD64,Blood,Hematology
911,51192,CD7,Blood,Hematology
912,51193,CD71,Blood,Hematology
913,51194,"CD8 Cells, Percent",Blood,Hematology
914,51195,Collagen,Blood,Hematology
915,51196,D-Dimer,Blood,Hematology
916,51197,Elliptocytes,Blood,Hematology
917,51198,Envelope Cells,Blood,Hematology
918,51199,Eosinophil Count,Blood,Hematology
919,51200,Eosinophils,Blood,Hematology
920,51201,Epinepherine,Blood,Hematology
921,51202,Factor II,Blood,Hematology
922,51203,Factor IX,Blood,Hematology
923,51204,Factor V,Blood,Hematology
924,51205,Factor VII,Blood,Hematology
925,51206,Factor VIII,Blood,Hematology
926,51207,Factor VIII Inhibitor,Blood,Hematology
927,51208,Factor X,Blood,Hematology
928,51209,Factor XI,Blood,Hematology
929,51210,Factor XII,Blood,Hematology
930,51211,Factor XIII,Blood,Hematology
931,51212,Fetal Hemoglobin,Blood,Hematology
932,51213,Fibrin Degradation Products,Blood,Hematology
933,51214,"Fibrinogen, Functional",Blood,Hematology
934,51215,FMC-7,Blood,Hematology
935,51216,Fragmented Cells,Blood,Hematology
936,51217,Glyco A,Blood,Hematology
937,51218,Granulocyte Count,Blood,Hematology
938,51219,H/O Smear,Blood,Hematology
939,51220,Heinz Body Prep,Blood,Hematology
940,51221,Hematocrit,Blood,Hematology
941,51222,Hemoglobin,Blood,Hematology
942,51223,Hemoglobin A2,Blood,Hematology
943,51224,Hemoglobin C,Blood,Hematology
944,51225,Hemoglobin F,Blood,Hematology
945,51226,Hemogloblin A,Blood,Hematology
946,51227,Hemogloblin S,Blood,Hematology
947,51228,Heparin,Blood,Hematology
948,51229,"Heparin, LMW",Blood,Hematology
949,51230,HLA-DR,Blood,Hematology
950,51231,Howell-Jolly Bodies,Blood,Hematology
951,51232,Hypersegmented Neutrophils,Blood,Hematology
952,51233,Hypochromia,Blood,Hematology
953,51234,Immunophenotyping,Blood,Hematology
954,51235,Inhibitor Screen,Blood,Hematology
955,51236,Inpatient Hematology/Oncology Smear,Blood,Hematology
956,51237,INR(PT),Blood,Hematology
957,51238,Kappa,Blood,Hematology
958,51239,Lambda,Blood,Hematology
959,51240,Large Platelets,Blood,Hematology
960,51241,Leukocyte Alkaline Phosphatase,Blood,Hematology
961,51242,LUC,Blood,Hematology
962,51243,Lupus Anticoagulant,Blood,Hematology
963,51244,Lymphocytes,Blood,Hematology
964,51245,"Lymphocytes, Percent",Blood,Hematology
965,51246,Macrocytes,Blood,Hematology
966,51247,MacroOvalocytes,Blood,Hematology
967,51248,MCH,Blood,Hematology
968,51249,MCHC,Blood,Hematology
969,51250,MCV,Blood,Hematology
970,51251,Metamyelocytes,Blood,Hematology
971,51252,Microcytes,Blood,Hematology
972,51253,Monocyte Count,Blood,Hematology
973,51254,Monocytes,Blood,Hematology
974,51255,Myelocytes,Blood,Hematology
975,51256,Neutrophils,Blood,Hematology
976,51257,Nucleated Red Cells,Blood,Hematology
977,51258,Osmotic Fragility,Blood,Hematology
978,51259,Other Cells,Blood,Hematology
979,51260,Ovalocytes,Blood,Hematology
980,51261,Pappenheimer Bodies,Blood,Hematology
981,51262,Pencil Cells,Blood,Hematology
982,51263,Plasma Cells,Blood,Hematology
983,51264,Platelet Clumps,Blood,Hematology
984,51265,Platelet Count,Blood,Hematology
985,51266,Platelet Smear,Blood,Hematology
986,51267,Poikilocytosis,Blood,Hematology
987,51268,Polychromasia,Blood,Hematology
988,51269,Promyelocytes,Blood,Hematology
989,51270,"Protein C, Antigen",Blood,Hematology
990,51271,"Protein C, Functional",Blood,Hematology
991,51272,"Protein S, Antigen",Blood,Hematology
992,51273,"Protein S, Functional",Blood,Hematology
993,51274,PT,Blood,Hematology
994,51275,PTT,Blood,Hematology
995,51276,Quantitative G6PD,Blood,Hematology
996,51277,RDW,Blood,Hematology
997,51278,Red Blood Cell Fragments,Blood,Hematology
998,51279,Red Blood Cells,Blood,Hematology
999,51280,Reptilase Time,Blood,Hematology
1000,51281,Reptilase Time Control,Blood,Hematology
1001,51282,"Reticulocyte Count, Absolute",Blood,Hematology
1002,51283,"Reticulocyte Count, Automated",Blood,Hematology
1003,51284,"Reticulocyte Count, Manual",Blood,Hematology
1004,51285,"Reticulocyte, Cellular Hemoglobin",Blood,Hematology
1005,51286,Ristocetin,Blood,Hematology
1006,51287,Schistocytes,Blood,Hematology
1007,51288,Sedimentation Rate,Blood,Hematology
1008,51289,Serum Viscosity,Blood,Hematology
1009,51290,Sickle Cell Preparation,Blood,Hematology
1010,51291,Sickle Cells,Blood,Hematology
1011,51292,Spherocytes,Blood,Hematology
1012,51293,Sugar Water Test,Blood,Hematology
1013,51294,Target Cells,Blood,Hematology
1014,51295,TdT,Blood,Hematology
1015,51296,Teardrop Cells,Blood,Hematology
1016,51297,Thrombin,Blood,Hematology
1017,51298,Von Willebrand Factor Activity,Blood,Hematology
1018,51299,Von Willebrand Factor Antigen,Blood,Hematology
1019,51300,WBC Count,Blood,Hematology
1020,51301,White Blood Cells,Blood,Hematology
1021,51302,Young Cells,Blood,Hematology
1022,52068,24 Hr,Blood,Hematology
1023,52069,Absolute Basophil Count,Blood,Hematology
1024,52070,Absolute CD19 Count,Blood,Hematology
1025,52071,Absolute CD20 Count,Blood,Hematology
1026,52072,Absolute CD56 Count,Blood,Hematology
1027,52073,Absolute Eosinophil Count,Blood,Hematology
1028,52074,Absolute Monocyte Count,Blood,Hematology
1029,52075,Absolute Neutrophil Count,Blood,Hematology
1030,52076,Acid Phosphatase Stain,Blood,Hematology
1031,52077,Acidserum,Blood,Hematology
1032,52078,Antithrombin III,Blood,Hematology
1033,52079,ASA Tol,Blood,Hematology
1034,52080,Asd,Blood,Hematology
1035,52081,ASD & NA-F,Blood,Hematology
1036,52082,Aspirin Reactivity,Blood,Hematology
1037,52083,Autohem+g,Blood,Hematology
1038,52084,Autohem-g,Blood,Hematology
1039,52085,Bleed Tm,Blood,Hematology
1040,52086,Bleed Tm,Blood,Hematology
1041,52087,CD15/56,Blood,Hematology
1042,52088,CD 1a,Blood,Hematology
1043,52089,CD30,Blood,Hematology
1044,52090,CD42,Blood,Hematology
1045,52091,CD52,Blood,Hematology
1046,52092,CD56 %,Blood,Hematology
1047,52093,CD56 Absolute Count,Blood,Hematology
1048,52094,CD61,Blood,Hematology
1049,52095,CD62,Blood,Hematology
1050,52096,Chloroacetate,Blood,Hematology
1051,52097,Circ Ab,Blood,Hematology
1052,52098,Clot Lysis,Blood,Hematology
1053,52099,Clot Retraction,Blood,Hematology
1054,52100,Clot Time,Blood,Hematology
1055,52101,Cr,Blood,Hematology
1056,52102,Crenated Cells,Blood,Hematology
1057,52103,Cross Imm,Blood,Hematology
1058,52104,Cryoglob,Blood,Hematology
1059,52105,Direct Antiplatelet Antibodies,Blood,Hematology
1060,52106,Donath-l,Blood,Hematology
1061,52107,dRVVT - Confirmation,Blood,Hematology
1062,52108,dRVVT - Normalized Ratio,Blood,Hematology
1063,52109,dRVVT - Screen,Blood,Hematology
1064,52110,DSmear,Blood,Hematology
1065,52111,Echinocytes,Blood,Hematology
1066,52112,Euglobulin Lysis,Blood,Hematology
1067,52113,Factor IX Inhibitor,Blood,Hematology
1068,52114,Factor VIII Antigen,Blood,Hematology
1069,52115,Fibrinoge,Blood,Hematology
1070,52116,Fibrinogen,Blood,Hematology
1071,52117,"Fibrinogen, Immunologic",Blood,Hematology
1072,52119,Fitzgerld,Blood,Hematology
1073,52120,Fitzgerld,Blood,Hematology
1074,52121,Fletcher,Blood,Hematology
1075,52122,Fsp,Blood,Hematology
1076,52123,"G6PD, Qualitative",Blood,Hematology
1077,52124,G6pd Spec,Blood,Hematology
1078,52125,Glutathione,Blood,Hematology
1079,52126,Heinz Aph,Blood,Hematology
1080,52127,Helmet Cells,Blood,Hematology
1081,52128,Hemoglobin H Inclusion,Blood,Hematology
1082,52129,Hemoglobin Other,Blood,Hematology
1083,52130,Histiocytes,Blood,Hematology
1084,52131,HIT-Ab Interpreted Result,Blood,Hematology
1085,52132,HIT-Ab Numerical Result,Blood,Hematology
1086,52133,Hmwk,Blood,Hematology
1087,52134,IG,Blood,Hematology
1088,52135,Immature Granulocytes,Blood,Hematology
1089,52136,Inhibitor,Blood,Hematology
1090,52137,Inh Scr,Blood,Hematology
1091,52138,Kct,Blood,Hematology
1092,52139,LE Prep,Blood,Hematology
1093,52140,LS,Blood,Hematology
1094,52141,Malaria Smear,Blood,Hematology
1095,52142,Mean Platelet Volume,Blood,Hematology
1096,52143,Methemalb,Blood,Hematology
1097,52144,Methemoglobin,Blood,Hematology
1098,52145,Mono Spot Test,Blood,Hematology
1099,52146,Naphtol Acetate Stain,Blood,Hematology
1100,52147,NEUTX,Blood,Hematology
1101,52148,NEUTY,Blood,Hematology
1102,52149,NFletcher,Blood,Hematology
1103,52150,Non-Specific Esterase,Blood,Hematology
1104,52151,NRBC,Blood,Hematology
1105,52152,"Osmotic Fragility, Incubated",Blood,Hematology
1106,52153,Other Inhibitor,Blood,Hematology
1107,52154,P2Y12 Reaction Units,Blood,Hematology
1108,52155,Periodic Acid Schiff Stain,Blood,Hematology
1109,52156,Peroxidase Staining,Blood,Hematology
1110,52157,Plasma Hemoglobin,Blood,Hematology
1111,52158,Plasminogen,Blood,Hematology
1112,52159,Platelet Aggregation,Blood,Hematology
1113,52160,Prekallekrein,Blood,Hematology
1114,52161,Problem Specimen,Blood,Hematology
1115,52162,Protein S,Blood,Hematology
1116,52163,PT Control,Blood,Hematology
1117,52164,PT Mean,Blood,Hematology
1118,52165,PTT Control,Blood,Hematology
1119,52166,PTT-LA,Blood,Hematology
1120,52167,PTT mea,Blood,Hematology
1121,52168,Pyruvate Kinase,Blood,Hematology
1122,52169,QFib,Blood,Hematology
1123,52170, Rbc,Blood,Hematology
1124,52171,RBC Morphology,Blood,Hematology
1125,52172,RDW-SD,Blood,Hematology
1126,52173,Red Blood Cell Enzyme,Blood,Hematology
1127,52174,"Reptilase Time, Control",Blood,Hematology
1128,52175,Ristocetin Response,Blood,Hematology
1129,52176,Rouleaux,Blood,Hematology
1130,52177,SCT - Confirmation,Blood,Hematology
1131,52178,SCT - Normalized Ratio,Blood,Hematology
1132,52179,SCT - Screen,Blood,Hematology
1133,52180,STA-CLOT,Blood,Hematology
1134,52181,Stomatocyte,Blood,Hematology
1135,52182,Sudan Black Staining,Blood,Hematology
1136,52183,Sulf Hgb,Blood,Hematology
1137,52184,TCR Alpha-Beta,Blood,Hematology
1138,52185,TCR Gamma-Delta,Blood,Hematology
1139,52186,Test,Blood,Hematology
1140,52187,Thrombin Time,Blood,Hematology
1141,52188,Thrombin Time Control,Blood,Hematology
1142,52189,Thrombin Time Control,Blood,Hematology
1143,52190,Tissue Thromboplastin Inhibitor,Blood,Hematology
1144,52191,Tr- Acid,Blood,Hematology
1145,52192,Trap Stain,Blood,Hematology
1146,52193,Viii Ag,Blood,Hematology
1147,52194,VIII-CIE,Blood,Hematology
1148,52195,Voided Specimen,Blood,Hematology
1149,52196,WAM Manual Diff,Blood,Hematology
1150,52197,WAM MANUAL DIFF 2,Blood,Hematology
1151,52198,ErytFlg,Blood,Hematology
1152,52199,FragFlg,Blood,Hematology
1153,52200,PltDist,Blood,Hematology
1154,52201,PltScat,Blood,Hematology
1155,52202,PltClmp,Blood,Hematology
1156,52203,RBCAgg,Blood,Hematology
1157,52204,RBCDist,Blood,Hematology
1158,52205,RetScat,Blood,Hematology
1159,52206,RetFlg,Blood,Hematology
1160,52207,TurbHbI,Blood,Hematology
1161,52208,BasoFlg,Blood,Hematology
1162,52209,EosFlg,Blood,Hematology
1163,52210,LeftShf,Blood,Hematology
1164,52211,LymFlg,Blood,Hematology
1165,52212,MonoFlg,Blood,Hematology
1166,52213,NRBCFlg,Blood,Hematology
1167,52214,AbnLymp,Blood,Hematology
1168,52215,ATLFlg,Blood,Hematology
1169,52216,BlasFlg,Blood,Hematology
1170,52217,Bl/AbLy,Blood,Hematology
1171,52218,IG Flg,Blood,Hematology
1172,52219,WBCScat,Blood,Hematology
1173,52220,wbcp,Blood,Hematology
1174,52769,Absolute Lymphocyte Count,Blood,Hematology
1175,52786,Bleeding Time,Blood,Hematology
1176,52838,Factor II,Blood,Hematology
1177,52840,Factor IX,Blood,Hematology
1178,52842,Factor V,Blood,Hematology
1179,52844,Factor VII,Blood,Hematology
1180,52846,Factor VIII,Blood,Hematology
1181,52849,Factor X,Blood,Hematology
1182,52851,Factor XI,Blood,Hematology
1183,52853,Factor XII,Blood,Hematology
1184,52855,Factor XIII,Blood,Hematology
1185,52858,Fibrin Degradation Products,Blood,Hematology
1186,52889,Lupus Anticoagulant,Blood,Hematology
1187,52921,PT,Blood,Hematology
1188,52923,PTT,Blood,Hematology
1189,52929,Reptilase Time,Blood,Hematology
1190,52934,"Reticulocyte Count, Manual",Blood,Hematology
1191,52948,Thrombin,Blood,Hematology
1192,51460,"Blood, Occult",Stool,Hematology
1193,52403,Bile,Stool,Hematology
1194,52404,Fat,Stool,Hematology
1195,52405,Prblm,Stool,Hematology
1196,52406,Voided Specimen,Stool,Hematology
1197,52407,WBC,Stool,Hematology
1198,51461,Ammonium Biurate,Urine,Hematology
1199,51462,Amorphous Crystals,Urine,Hematology
1200,51463,Bacteria,Urine,Hematology
1201,51464,Bilirubin,Urine,Hematology
1202,51465,Bilirubin Crystals,Urine,Hematology
1203,51466,Blood,Urine,Hematology
1204,51467,Broad Casts,Urine,Hematology
1205,51468,Calcium Carbonate Crystals,Urine,Hematology
1206,51469,Calcium Oxalate Crystals,Urine,Hematology
1207,51470,Calcium Phosphate Crystals,Urine,Hematology
1208,51471,Cellular Cast,Urine,Hematology
1209,51472,Cholesterol Crystals,Urine,Hematology
1210,51473,Cysteine Crystals,Urine,Hematology
1211,51474,Eosinophils,Urine,Hematology
1212,51475,Epithelial Casts,Urine,Hematology
1213,51476,Epithelial Cells,Urine,Hematology
1214,51477,Free Fat,Urine,Hematology
1215,51478,Glucose,Urine,Hematology
1216,51479,Granular Casts,Urine,Hematology
1217,51480,Hematocrit,Urine,Hematology
1218,51481,Hemosiderin,Urine,Hematology
1219,51482,Hyaline Casts,Urine,Hematology
1220,51483,Hyphenated Yeast,Urine,Hematology
1221,51484,Ketone,Urine,Hematology
1222,51485,Leucine Crystals,Urine,Hematology
1223,51486,Leukocytes,Urine,Hematology
1224,51487,Nitrite,Urine,Hematology
1225,51488,Non-squamous Epithelial Cells,Urine,Hematology
1226,51489,NonSquamous Epithelial Cell,Urine,Hematology
1227,51490,Oval Fat Body,Urine,Hematology
1228,51491,pH,Urine,Hematology
1229,51492,Protein,Urine,Hematology
1230,51493,RBC,Urine,Hematology
1231,51494,RBC Casts,Urine,Hematology
1232,51495,RBC Clumps,Urine,Hematology
1233,51496,"Reducing Substances, Urine",Urine,Hematology
1234,51497,Renal Epithelial Cells,Urine,Hematology
1235,51498,Specific Gravity,Urine,Hematology
1236,51499,Sperm,Urine,Hematology
1237,51500,Sulfonamides,Urine,Hematology
1238,51501,Transitional Epithelial Cells,Urine,Hematology
1239,51502,Trichomonas,Urine,Hematology
1240,51503,Triple Phosphate Crystals,Urine,Hematology
1241,51504,Tyrosine Crystals,Urine,Hematology
1242,51505,Uric Acid Crystals,Urine,Hematology
1243,51506,Urine Appearance,Urine,Hematology
1244,51507,"Urine Casts, Other",Urine,Hematology
1245,51508,Urine Color,Urine,Hematology
1246,51509,Urine Comments,Urine,Hematology
1247,51510,"Urine Crystals, Other",Urine,Hematology
1248,51511,Urine Fat Bodies,Urine,Hematology
1249,51512,Urine Mucous,Urine,Hematology
1250,51513,Urine Specimen Type,Urine,Hematology
1251,51514,Urobilinogen,Urine,Hematology
1252,51515,Waxy Casts,Urine,Hematology
1253,51516,WBC,Urine,Hematology
1254,51517,WBC Casts,Urine,Hematology
1255,51518,WBC Clumps,Urine,Hematology
1256,51519,Yeast,Urine,Hematology
1257,52408,Bacturia,Urine,Hematology
1258,52409,Budding Yeast,Urine,Hematology
1259,52410,Fatty Casts,Urine,Hematology
1260,52411,Hgb,Urine,Hematology
1261,52412,HPF,Urine,Hematology
1262,52413,Leuks,Urine,Hematology
1263,52414,LEUKS,Urine,Hematology
1264,52415,LPF,Urine,Hematology
1265,52416,Myoglobin,Urine,Hematology
1266,52417,Pku,Urine,Hematology
1267,52418,Problem Specimen,Urine,Hematology
1268,52419,Voided Specimen,Urine,Hematology
1269,52420,ZZDUMMY,Urine,Hematology
1270,52421,GATE,Urine,Hematology
1271,52422,RUN,Urine,Hematology
1272,52423,SKIP,Urine,Hematology
1273,52424,RFXUCU,Urine,Hematology
1274,52425,XUCU,Urine,Hematology
1275,52426,UCU1,Urine,Hematology
1276,52427,UCU2,Urine,Hematology
1277,51110,Atypical Lymphocytes,Ascites,Hematology
1278,51111,Bands,Ascites,Hematology
1279,51112,Basophils,Ascites,Hematology
1280,51113,Blasts,Ascites,Hematology
1281,51114,Eosinophils,Ascites,Hematology
1282,51115,"Hematocrit, Ascites",Ascites,Hematology
1283,51116,Lymphocytes,Ascites,Hematology
1284,51117,Macrophage,Ascites,Hematology
1285,51118,Mesothelial Cell,Ascites,Hematology
1286,51119,Metamyelocytes,Ascites,Hematology
1287,51120,Monocytes,Ascites,Hematology
1288,51121,Myelocytes,Ascites,Hematology
1289,51122,Nucleated RBC,Ascites,Hematology
1290,51123,Other,Ascites,Hematology
1291,51124,Plasma,Ascites,Hematology
1292,51125,Polys,Ascites,Hematology
1293,51126,Promyelocytes,Ascites,Hematology
1294,51127,"RBC, Ascites",Ascites,Hematology
1295,51129,Young,Ascites,Hematology
1296,52048,Atyps#,Ascites,Hematology
1297,52049,Bands#,Ascites,Hematology
1298,52050,Basos#,Ascites,Hematology
1299,52051,Blasts#,Ascites,Hematology
1300,52052,Eos#,Ascites,Hematology
1301,52053,Histio#,Ascites,Hematology
1302,52054,Histiocyte,Ascites,Hematology
1303,52055,Hyperseg,Ascites,Hematology
1304,52056,Hyperseg#,Ascites,Hematology
1305,52057,Lymphs#,Ascites,Hematology
1306,52058,Metas#,Ascites,Hematology
1307,52059,Monos#,Ascites,Hematology
1308,52060,Myelos#,Ascites,Hematology
1309,52061,Nuc Rbcs#,Ascites,Hematology
1310,52062,Plasma#,Ascites,Hematology
1311,52063,Polys#,Ascites,Hematology
1312,52064,Promyelo#,Ascites,Hematology
1313,52065,"Total Nucleated Cells, Ascites",Ascites,Hematology
1314,52066,Voided Specimen,Ascites,Hematology
1315,52067,Young#,Ascites,Hematology
1316,51440,Atypical Lymphocytes,Pleural,Hematology
1317,51441,Bands,Pleural,Hematology
1318,51442,Basophils,Pleural,Hematology
1319,51443,Blasts,Pleural,Hematology
1320,51444,Eosinophils,Pleural,Hematology
1321,51445,"Hematocrit, Pleural",Pleural,Hematology
1322,51446,Lymphocytes,Pleural,Hematology
1323,51447,Macrophages,Pleural,Hematology
1324,51448,Mesothelial Cells,Pleural,Hematology
1325,51449,Metamyelocytes,Pleural,Hematology
1326,51450,Monos,Pleural,Hematology
1327,51451,Myelocytes,Pleural,Hematology
1328,51452,NRBC,Pleural,Hematology
1329,51453,Other,Pleural,Hematology
1330,51454,Plasma Cells,Pleural,Hematology
1331,51455,Polys,Pleural,Hematology
1332,51456,Promyelocytes,Pleural,Hematology
1333,51457,"RBC, Pleural",Pleural,Hematology
1334,51459,Young Cells,Pleural,Hematology
1335,52375,Atyps#,Pleural,Hematology
1336,52376,Bands#,Pleural,Hematology
1337,52377,Basos#,Pleural,Hematology
1338,52378,Blasts#,Pleural,Hematology
1339,52379,Eos#,Pleural,Hematology
1340,52380,Histiocyte#,Pleural,Hematology
1341,52381,Histiocytes,Pleural,Hematology
1342,52382,Hypersegmented  Neutrophils#,Pleural,Hematology
1343,52383,Hypersegmented Neutrophils,Pleural,Hematology
1344,52384,Lymphs#,Pleural,Hematology
1345,52385,Metas#,Pleural,Hematology
1346,52386,Monos#,Pleural,Hematology
1347,52387,Myelos#,Pleural,Hematology
1348,52388,Plasma#,Pleural,Hematology
1349,52389,Polys#,Pleural,Hematology
1350,52390,Promyelocytes#,Pleural,Hematology
1351,52391,"Total Nucleated Cells, Pleural",Pleural,Hematology
1352,52392,Voided Specimen,Pleural,Hematology
1353,52393,Young#,Pleural,Hematology
1354,53083,NRBC,Pleural,Hematology
1355,51303,CD10,Bone Marrow,Hematology
1356,51304,CD103,Bone Marrow,Hematology
1357,51305,CD117,Bone Marrow,Hematology
1358,51306,CD11c,Bone Marrow,Hematology
1359,51307,CD13,Bone Marrow,Hematology
1360,51308,CD138,Bone Marrow,Hematology
1361,51309,CD14,Bone Marrow,Hematology
1362,51310,CD15,Bone Marrow,Hematology
1363,51311,CD16,Bone Marrow,Hematology
1364,51312,CD16/56,Bone Marrow,Hematology
1365,51313,CD19,Bone Marrow,Hematology
1366,51314,CD2,Bone Marrow,Hematology
1367,51315,CD20,Bone Marrow,Hematology
1368,51316,CD22,Bone Marrow,Hematology
1369,51317,CD23,Bone Marrow,Hematology
1370,51318,CD25,Bone Marrow,Hematology
1371,51319,CD3,Bone Marrow,Hematology
1372,51320,CD33,Bone Marrow,Hematology
1373,51321,CD34,Bone Marrow,Hematology
1374,51322,CD38,Bone Marrow,Hematology
1375,51323,CD4,Bone Marrow,Hematology
1376,51324,CD41,Bone Marrow,Hematology
1377,51325,CD45,Bone Marrow,Hematology
1378,51326,CD5,Bone Marrow,Hematology
1379,51327,CD55,Bone Marrow,Hematology
1380,51328,CD56,Bone Marrow,Hematology
1381,51329,CD57,Bone Marrow,Hematology
1382,51330,CD59,Bone Marrow,Hematology
1383,51331,CD64,Bone Marrow,Hematology
1384,51332,CD7,Bone Marrow,Hematology
1385,51333,CD71,Bone Marrow,Hematology
1386,51334,CD8,Bone Marrow,Hematology
1387,51335,FMC-7,Bone Marrow,Hematology
1388,51336,Glyco A,Bone Marrow,Hematology
1389,51337,HLA-DR,Bone Marrow,Hematology
1390,51338,Immunophenotyping,Bone Marrow,Hematology
1391,51339,Iron Stain,Bone Marrow,Hematology
1392,51340,Kappa,Bone Marrow,Hematology
1393,51341,Lambda,Bone Marrow,Hematology
1394,51342,Wright Giemsa,Bone Marrow,Hematology
1395,52316,Acid Phosphatase Stain,Bone Marrow,Hematology
1396,52317,Asd,Bone Marrow,Hematology
1397,52318,Asd&na-f,Bone Marrow,Hematology
1398,52319,CD 1a,Bone Marrow,Hematology
1399,52320,CD30,Bone Marrow,Hematology
1400,52321,CD42,Bone Marrow,Hematology
1401,52322,CD52,Bone Marrow,Hematology
1402,52323,CD61,Bone Marrow,Hematology
1403,52324,CD62,Bone Marrow,Hematology
1404,52325,Chloroacetate Esterase,Bone Marrow,Hematology
1405,52326,Naphthol Acetate Stain,Bone Marrow,Hematology
1406,52327,Naphthol Butryrate,Bone Marrow,Hematology
1407,52328,Periodic Schiff Stain,Bone Marrow,Hematology
1408,52329,Peroxidase Stain,Bone Marrow,Hematology
1409,52330,Sudan Black Stain,Bone Marrow,Hematology
1410,52331,TCR Alpha-Beta,Bone Marrow,Hematology
1411,52332,TCR Gamma-Delta,Bone Marrow,Hematology
1412,52333,Tr-acid,Bone Marrow,Hematology
1413,52334,Voided Specimen,Bone Marrow,Hematology
1414,52335,TdT,Bone Marrow,Hematology
1415,52955,CD10,Bone Marrow,Hematology
1416,52992,Iron Stain,Bone Marrow,Hematology
1417,51365,Atypical Lymphocytes,Joint Fluid,Hematology
1418,51366,Bands,Joint Fluid,Hematology
1419,51367,Basophils,Joint Fluid,Hematology
1420,51368,Eosinophils,Joint Fluid,Hematology
1421,51369,"Hematocrit, Joint Fluid",Joint Fluid,Hematology
1422,51370,"Joint Crystals, Birefringence",Joint Fluid,Hematology
1423,51371,"Joint Crystals, Comment",Joint Fluid,Hematology
1424,51372,"Joint Crystals, Location",Joint Fluid,Hematology
1425,51373,"Joint Crystals, Number",Joint Fluid,Hematology
1426,51374,"Joint Crystals, Shape",Joint Fluid,Hematology
1427,51375,Lymphocytes,Joint Fluid,Hematology
1428,51376,Macrophage,Joint Fluid,Hematology
1429,51377,Mesothelial Cells,Joint Fluid,Hematology
1430,51378,Metamyelocytes,Joint Fluid,Hematology
1431,51379,Monocytes,Joint Fluid,Hematology
1432,51380,NRBC,Joint Fluid,Hematology
1433,51381,Other,Joint Fluid,Hematology
1434,51382,Polys,Joint Fluid,Hematology
1435,51383,"RBC, Joint Fluid",Joint Fluid,Hematology
1436,52291,Atyps#,Joint Fluid,Hematology
1437,52292,Bands#,Joint Fluid,Hematology
1438,52293,Basos#,Joint Fluid,Hematology
1439,52294,Blasts,Joint Fluid,Hematology
1440,52295,Blasts#,Joint Fluid,Hematology
1441,52296,Eos#,Joint Fluid,Hematology
1442,52297,Histio#,Joint Fluid,Hematology
1443,52298,Histiocyte,Joint Fluid,Hematology
1444,52299,Hypersegmented Neutrophils,Joint Fluid,Hematology
1445,52300,Hypersegmented Neutrophils #,Joint Fluid,Hematology
1446,52301,Lining Cell,Joint Fluid,Hematology
1447,52302,Lymphs#,Joint Fluid,Hematology
1448,52303,Metas#,Joint Fluid,Hematology
1449,52304,Monos#,Joint Fluid,Hematology
1450,52305,Myelocytes,Joint Fluid,Hematology
1451,52306,Myelos#,Joint Fluid,Hematology
1452,52307,Plasma,Joint Fluid,Hematology
1453,52308,Plasma#,Joint Fluid,Hematology
1454,52309,Polys#,Joint Fluid,Hematology
1455,52310,Promyelo#,Joint Fluid,Hematology
1456,52311,Promyelocytes,Joint Fluid,Hematology
1457,52312,"Total Nucleated Cells, Joint",Joint Fluid,Hematology
1458,52313,Voided Specimen,Joint Fluid,Hematology
1459,52314,Young,Joint Fluid,Hematology
1460,52315,Young#,Joint Fluid,Hematology
1461,53012,NRBC,Joint Fluid,Hematology
1462,51385,Atypical Lymphocytes,Other Body Fluid,Hematology
1463,51386,Bands,Other Body Fluid,Hematology
1464,51387,Basophils,Other Body Fluid,Hematology
1465,51388,CD10,Other Body Fluid,Hematology
1466,51389,CD103,Other Body Fluid,Hematology
1467,51390,CD117,Other Body Fluid,Hematology
1468,51391,CD11c,Other Body Fluid,Hematology
1469,51392,CD13,Other Body Fluid,Hematology
1470,51393,CD138,Other Body Fluid,Hematology
1471,51394,CD14,Other Body Fluid,Hematology
1472,51395,CD15,Other Body Fluid,Hematology
1473,51396,CD16,Other Body Fluid,Hematology
1474,51397,CD16/56,Other Body Fluid,Hematology
1475,51398,CD19,Other Body Fluid,Hematology
1476,51399,CD2,Other Body Fluid,Hematology
1477,51400,CD20,Other Body Fluid,Hematology
1478,51401,CD22,Other Body Fluid,Hematology
1479,51402,CD23,Other Body Fluid,Hematology
1480,51403,CD25,Other Body Fluid,Hematology
1481,51404,CD3,Other Body Fluid,Hematology
1482,51405,CD33,Other Body Fluid,Hematology
1483,51406,CD34,Other Body Fluid,Hematology
1484,51407,CD38,Other Body Fluid,Hematology
1485,51408,CD4,Other Body Fluid,Hematology
1486,51409,CD4/CD8 Ratio,Other Body Fluid,Hematology
1487,51410,CD41,Other Body Fluid,Hematology
1488,51411,CD45,Other Body Fluid,Hematology
1489,51412,CD5,Other Body Fluid,Hematology
1490,51413,CD56,Other Body Fluid,Hematology
1491,51414,CD57,Other Body Fluid,Hematology
1492,51415,CD64,Other Body Fluid,Hematology
1493,51416,CD7,Other Body Fluid,Hematology
1494,51417,CD71,Other Body Fluid,Hematology
1495,51418,CD8,Other Body Fluid,Hematology
1496,51419,Eosinophils,Other Body Fluid,Hematology
1497,51420,FMC-7,Other Body Fluid,Hematology
1498,51421,Glyco A,Other Body Fluid,Hematology
1499,51422,"Hematocrit, Other Fluid",Other Body Fluid,Hematology
1500,51423,HLA-DR,Other Body Fluid,Hematology
1501,51424,Immunophenotyping,Other Body Fluid,Hematology
1502,51425,Kappa,Other Body Fluid,Hematology
1503,51426,Lambda,Other Body Fluid,Hematology
1504,51427,Lymphocytes,Other Body Fluid,Hematology
1505,51428,Macrophage,Other Body Fluid,Hematology
1506,51429,Mesothelial cells,Other Body Fluid,Hematology
1507,51430,Metamyelocytes,Other Body Fluid,Hematology
1508,51431,Monos,Other Body Fluid,Hematology
1509,51432,Myelocytes,Other Body Fluid,Hematology
1510,51433,NRBC,Other Body Fluid,Hematology
1511,51434,Other Cell,Other Body Fluid,Hematology
1512,51435,Plasma,Other Body Fluid,Hematology
1513,51436,Polys,Other Body Fluid,Hematology
1514,51437,Promyelocytes,Other Body Fluid,Hematology
1515,51438,"RBC, Other Fluid",Other Body Fluid,Hematology
1516,52336,Atyps#,Other Body Fluid,Hematology
1517,52337,Bands#,Other Body Fluid,Hematology
1518,52338,Basos#,Other Body Fluid,Hematology
1519,52339,Blasts,Other Body Fluid,Hematology
1520,52340,Blasts#,Other Body Fluid,Hematology
1521,52341,CD 1a,Other Body Fluid,Hematology
1522,52342,CD30,Other Body Fluid,Hematology
1523,52343,CD42,Other Body Fluid,Hematology
1524,52344,CD52,Other Body Fluid,Hematology
1525,52345,CD55,Other Body Fluid,Hematology
1526,52346,CD59,Other Body Fluid,Hematology
1527,52347,CD61,Other Body Fluid,Hematology
1528,52348,CD62,Other Body Fluid,Hematology
1529,52349,Chloroac,Other Body Fluid,Hematology
1530,52350,Eos#,Other Body Fluid,Hematology
1531,52351,Fetal Hgb,Other Body Fluid,Hematology
1532,52352,FETAL LUNG MATURITY - LBC,Other Body Fluid,Hematology
1533,52353,Histiocyte#,Other Body Fluid,Hematology
1534,52354,Histiocytes,Other Body Fluid,Hematology
1535,52355,Hypersegmented Neutrophils,Other Body Fluid,Hematology
1536,52356,Hypersegmented Neutrophils#,Other Body Fluid,Hematology
1537,52357,Iron,Other Body Fluid,Hematology
1538,52358,Lining Cell,Other Body Fluid,Hematology
1539,52359,Lymphs#,Other Body Fluid,Hematology
1540,52360,Metamyelocytes#,Other Body Fluid,Hematology
1541,52361,Monos#,Other Body Fluid,Hematology
1542,52362,Myelos#,Other Body Fluid,Hematology
1543,52363,NRBC#,Other Body Fluid,Hematology
1544,52364,Plasma#,Other Body Fluid,Hematology
1545,52365,Polys#,Other Body Fluid,Hematology
1546,52366,Promyelocyte#,Other Body Fluid,Hematology
1547,52367,TCR Alpha-Beta,Other Body Fluid,Hematology
1548,52368,TCR Gamma-Delta,Other Body Fluid,Hematology
1549,52369,"Total Nucleated Cells, Other",Other Body Fluid,Hematology
1550,52370,Voided Specimen,Other Body Fluid,Hematology
1551,52371,Young,Other Body Fluid,Hematology
1552,52372,Young#,Other Body Fluid,Hematology
1553,52373,TdT,Other Body Fluid,Hematology
1554,52374,,Other Body Fluid,Hematology
1555,52221,Atypical Lymphocytes,Cerebrospinal Fluid,Hematology
1556,52222,Atyps#,Cerebrospinal Fluid,Hematology
1557,52223,Bands,Cerebrospinal Fluid,Hematology
1558,52224,Bands#,Cerebrospinal Fluid,Hematology
1559,52225,Basophils,Cerebrospinal Fluid,Hematology
1560,52226,Basos#,Cerebrospinal Fluid,Hematology
1561,52227,Blasts,Cerebrospinal Fluid,Hematology
1562,52228,Blasts#,Cerebrospinal Fluid,Hematology
1563,52229,Delete,Cerebrospinal Fluid,Hematology
1564,52230,Delete,Cerebrospinal Fluid,Hematology
1565,52231,Delete,Cerebrospinal Fluid,Hematology
1566,52232,Delete,Cerebrospinal Fluid,Hematology
1567,52233,Delete,Cerebrospinal Fluid,Hematology
1568,52234,Delete,Cerebrospinal Fluid,Hematology
1569,52235,Delete,Cerebrospinal Fluid,Hematology
1570,52236,Delete,Cerebrospinal Fluid,Hematology
1571,52237,Delete,Cerebrospinal Fluid,Hematology
1572,52238,Delete,Cerebrospinal Fluid,Hematology
1573,52239,Delete,Cerebrospinal Fluid,Hematology
1574,52240,Delete,Cerebrospinal Fluid,Hematology
1575,52241,Delete,Cerebrospinal Fluid,Hematology
1576,52242,Delete,Cerebrospinal Fluid,Hematology
1577,52243,Delete,Cerebrospinal Fluid,Hematology
1578,52244,Delete,Cerebrospinal Fluid,Hematology
1579,52245,Delete,Cerebrospinal Fluid,Hematology
1580,52246,Delete,Cerebrospinal Fluid,Hematology
1581,52247,Delete,Cerebrospinal Fluid,Hematology
1582,52248,Delete,Cerebrospinal Fluid,Hematology
1583,52249,Delete,Cerebrospinal Fluid,Hematology
1584,52250,Delete,Cerebrospinal Fluid,Hematology
1585,52251,Delete,Cerebrospinal Fluid,Hematology
1586,52252,Delete,Cerebrospinal Fluid,Hematology
1587,52253,Delete,Cerebrospinal Fluid,Hematology
1588,52254,Delete,Cerebrospinal Fluid,Hematology
1589,52255,Eos#,Cerebrospinal Fluid,Hematology
1590,52256,Eosinophils,Cerebrospinal Fluid,Hematology
1591,52257,"Hematocrit, CSF",Cerebrospinal Fluid,Hematology
1592,52258,Histiocyte,Cerebrospinal Fluid,Hematology
1593,52260,Hypersegmented Neutrophils,Cerebrospinal Fluid,Hematology
1594,52261,Hypersegmented Neutrophils #,Cerebrospinal Fluid,Hematology
1595,52262,Immunophenotyping,Cerebrospinal Fluid,Hematology
1596,52263,Lining Cell,Cerebrospinal Fluid,Hematology
1597,52264,Lymphs,Cerebrospinal Fluid,Hematology
1598,52265,Lymphs#,Cerebrospinal Fluid,Hematology
1599,52266,Macrophage,Cerebrospinal Fluid,Hematology
1600,52267,Macrophage#,Cerebrospinal Fluid,Hematology
1601,52268,Mesothelial cells,Cerebrospinal Fluid,Hematology
1602,52269,Mesothelial cells #,Cerebrospinal Fluid,Hematology
1603,52270,Metamyelocytes,Cerebrospinal Fluid,Hematology
1604,52271,Metas#,Cerebrospinal Fluid,Hematology
1605,52272,Monocytes,Cerebrospinal Fluid,Hematology
1606,52273,Monos#,Cerebrospinal Fluid,Hematology
1607,52274,Myelocytes,Cerebrospinal Fluid,Hematology
1608,52276,NRBC,Cerebrospinal Fluid,Hematology
1609,52277,NRBC#,Cerebrospinal Fluid,Hematology
1610,52278,Other,Cerebrospinal Fluid,Hematology
1611,52279,Plasma,Cerebrospinal Fluid,Hematology
1612,52280,Plasma#,Cerebrospinal Fluid,Hematology
1613,52281,Polys,Cerebrospinal Fluid,Hematology
1614,52282,Polys#,Cerebrospinal Fluid,Hematology
1615,52283,Promyelocytes,Cerebrospinal Fluid,Hematology
1616,52284,Promyelocytes#,Cerebrospinal Fluid,Hematology
1617,52285,"RBC, CSF",Cerebrospinal Fluid,Hematology
1618,52286,"Total Nucleated Cells, CSF",Cerebrospinal Fluid,Hematology
1619,52287,Voided Specimen,Cerebrospinal Fluid,Hematology
1620,52288,Young,Cerebrospinal Fluid,Hematology
1621,52289,Young#,Cerebrospinal Fluid,Hematology
